69,cnn.com
76,theguardian.com
123,wsj.com
126,bloomberg.com
136,businessinsider.com
141,imgur.com
158,researchgate.net
159,cnet.com
165,dailymail.co.uk
168,cnbc.com
177,fandom.com
190,telegraph.co.uk
194,freepik.com
204,tribunnews.com
212,espn.com
227,wired.com
228,huffingtonpost.com
233,indiatimes.com
247,foxnews.com
250,independent.co.uk
259,tripadvisor.com
260,latimes.com
268,healthline.com
269,kompas.com
273,aol.com
284,wetransfer.com
298,theverge.com
301,theatlantic.com
303,w3schools.com
309,ettoday.net
311,nationalgeographic.com
316,cbsnews.com
323,weather.com
325,investopedia.com
327,nbcnews.com
339,usnews.com
341,speedtest.net
344,digg.com
349,huffpost.com
350,marketwatch.com
351,buzzfeed.com
397,globo.com
405,uol.com.br
417,mashable.com
418,nypost.com
428,britannica.com
433,vice.com
452,cbc.ca
454,vox.com
468,grid.id
480,zdnet.com
496,dw.com
498,apnews.com
501,newyorker.com
507,fastcompany.com
513,inc.com
517,gizmodo.com
524,merriam-webster.com
525,guardian.co.uk
554,bmj.com
560,metropoles.com
562,medicalnewstoday.com
569,accuweather.com
574,tapad.com
586,newsweek.com
587,realtor.com
591,sfgate.com
593,slate.com
597,chicagotribune.com
598,pcmag.com
608,elpais.com
611,mlb.com
627,wikia.com
642,arstechnica.com
652,mirror.co.uk
659,chron.com
663,timeanddate.com
664,howstuffworks.com
668,thesun.co.uk
677,sahibinden.com
678,politico.com
708,orange.fr
709,livescience.com
710,ign.com
717,nydailynews.com
728,news.com.au
750,over-blog.com
756,breitbart.com
764,ria.ru
769,lifehacker.com
775,netscape.com
783,techradar.com
811,reverso.net
813,thehill.com
815,thedailybeast.com
816,thetimes.co.uk
827,marca.com
830,softonic.com
839,scmp.com
848,express.co.uk
858,genius.com
866,hatena.ne.jp
873,people.com
877,rottentomatoes.com
893,theglobeandmail.com
894,today.com
903,urbandictionary.com
911,newscientist.com
931,gamespot.com
932,gismeteo.ru
933,mapquest.com
942,as.com
943,nba.com
946,nymag.com
948,wunderground.com
957,goo.ne.jp
965,metro.co.uk
966,vnexpress.net
986,biblegateway.com
1018,wp.pl
1034,ebay-kleinanzeigen.de
1048,cbssports.com
1061,iheart.com
1062,thenextweb.com
1070,eatthis.com
1075,adweek.com
1106,asahi.com
1114,udn.com
1117,last.fm
1121,ladbible.com
1128,thoughtco.com
1136,nasdaq.com
1140,kakaku.com
1149,wattpad.com
1151,discogs.com
1161,observer.com
1164,500px.com
1171,heavy.com
1173,vanityfair.com
1181,businessweek.com
1191,discovery.com
1209,ensonhaber.com
1218,espncricinfo.com
1223,foxbusiness.com
1240,gsmarena.com
1242,pcworld.com
1246,insider.com
1252,thestar.com
1254,rbc.ru
1260,tmz.com
1261,theepochtimes.com
1271,allrecipes.com
1299,standard.co.uk
1301,thehindu.com
1309,libero.it
1321,computerworld.com
1324,elmundo.es
1338,foodnetwork.com
1349,hubpages.com
1357,hurriyet.com.tr
1361,globalnews.ca
1385,bleacherreport.com
1389,ctvnews.ca
1419,tiny.cc
1420,lifewire.com
1422,ultimate-guitar.com
1426,ew.com
1433,msnbc.com
1451,techrepublic.com
1453,washingtontimes.com
1457,goodhousekeeping.com
1473,vogue.com
1478,boredpanda.com
1479,miamiherald.com
1481,ibtimes.com
1483,ehow.com
1493,stuff.co.nz
1501,timeout.com
1505,nbcsports.com
1507,cosmopolitan.com
1518,slickdeals.net
1523,mtv.com
1541,heise.de
1546,space.com
1552,nj.com
1553,esquire.com
1554,thingiverse.com
1569,elle.com
1580,prothomalo.com
1582,eonline.com
1588,buzzfeednews.com
1609,bustle.com
1611,goal.com
1633,eater.com
1635,usmagazine.com
1643,atlasobscura.com
1644,myanimelist.net
1649,straitstimes.com
1651,hh.ru
1654,examiner.com
1658,popularmechanics.com
1659,trulia.com
1679,knowyourmeme.com
1686,foreignpolicy.com
1687,popsci.com
1692,dallasnews.com
1711,lavanguardia.com
1715,treehugger.com
1722,milliyet.com.tr
1738,nzherald.co.nz
1739,interia.pl
1741,azcentral.com
1743,polygon.com
1750,corriere.it
1751,popsugar.com
1752,axs.com
1760,sbnation.com
1761,macrumors.com
1773,si.com
1789,timesofisrael.com
1813,abc.es
1818,olx.pl
1819,huffingtonpost.co.uk
1829,refinery29.com
1831,barrons.com
1864,oregonlive.com
1865,mentalfloss.com
1873,baltimoresun.com
1874,nifty.com
1885,gq.com
1894,tomshardware.com
1901,nationalpost.com
1908,thegatewaypundit.com
1917,searchenginejournal.com
1922,kotaku.com
1937,nhl.com
1949,lifehack.org
1959,suntimes.com
1962,zerohedge.com
1979,freep.com
1981,motherjones.com
1986,thespruce.com
1990,drudgereport.com
1997,kohls.com
2005,tripadvisor.co.uk
2009,kommersant.ru
2015,lanacion.com.ar
2020,nownews.com
2025,myfitnesspal.com
2031,verywellmind.com
2037,dailycaller.com
2043,sapo.pt
2045,thestreet.com
2051,travelandleisure.com
2057,ajc.com
2060,wowhead.com
2076,sportbible.com
2088,retailmenot.com
2091,tomsguide.com
2092,olx.ua
2096,vulture.com
2098,focus.de
2101,timesonline.co.uk
2113,sozcu.com.tr
2125,propublica.org
2133,everydayhealth.com
2140,pcgamer.com
2141,thebalancecareers.com
2158,biography.com
2176,channelnewsasia.com
2183,harpersbazaar.com
2207,poki.com
2228,brilio.net
2229,cio.com
2234,bestlifeonline.com
2246,post-gazette.com
2258,sfchronicle.com
2259,ksl.com
2266,menshealth.com
2267,mundodeportivo.com
2271,sandiegouniontribune.com
2289,self.com
2291,cleveland.com
2294,theaustralian.com.au
2326,rd.com
2328,westernjournal.com
2330,cars.com
2332,verywellhealth.com
2334,politico.eu
2338,mynet.com
2356,autotrader.com
2359,weheartit.com
2362,nationalreview.com
2363,mlive.com
2366,thenation.com
2379,tampabay.com
2387,pitchfork.com
2402,theonion.com
2434,sacbee.com
2435,marthastewart.com
2436,health.com
2441,leparisien.fr
2442,independent.ie
2450,cc.com
2468,curbed.com
2484,drugs.com
2485,gulfnews.com
2486,newsday.com
2489,newatlas.com
2490,mainichi.jp
2495,psychcentral.com
2501,thebalancesmb.com
2503,yomiuri.co.jp
2504,thestar.com.my
2509,metacritic.com
2512,emojipedia.org
2513,abc.com
2516,scotsman.com
2522,dummies.com
2540,thecut.com
2545,bhaskar.com
2553,gamesradar.com
2563,woot.com
2575,hgtv.com
2580,rg.ru
2603,bolasport.com
2615,yourdictionary.com
2616,newrepublic.com
2634,recode.net
2639,vtv.vn
2642,fantasypros.com
2643,nme.com
2647,squidoo.com
2650,pagesix.com
2651,habr.com
2660,appleinsider.com
2673,infoworld.com
2678,donga.com
2680,babycenter.com
2710,womenshealthmag.com
2712,17track.net
2728,orlandosentinel.com
2734,al.com
2755,jsonline.com
2761,u.gg
2764,financialexpress.com
2777,thekitchn.com
2788,apartmenttherapy.com
2790,dailystar.co.uk
2808,mensjournal.com
2816,zingnews.vn
2817,nocookie.net
2828,detroitnews.com
2846,timeshighereducation.com
2857,excite.co.jp
2865,bhg.com
2882,gridoto.com
2902,realsimple.com
2919,unilad.co.uk
2932,haberturk.com
2946,chip.de
2947,manchestereveningnews.co.uk
2950,allmusic.com
2953,punchng.com
2954,glamour.com
2962,creativebloq.com
2974,networkworld.com
2981,marvel.com
3004,geekwire.com
3005,kompas.tv
3006,kinja.com
3008,iz.ru
3033,sportingnews.com
3035,realclearpolitics.com
3036,thewrap.com
3065,eklablog.com
3070,kitco.com
3072,foodandwine.com
3074,active.com
3082,theweek.com
3095,financialpost.com
3124,architecturaldigest.com
3131,legit.ng
3144,gazzetta.it
3153,jalopnik.com
3156,parents.com
3157,dailydot.com
3160,cntraveler.com
3178,nexusmods.com
3187,canalblog.com
3189,stltoday.com
3190,redgifs.com
3192,androidauthority.com
3202,lesechos.fr
3203,reviewjournal.com
3207,letterboxd.com
3208,kansascity.com
3214,terra.com.br
3220,ranker.com
3238,extremetech.com
3268,dailykos.com
3269,bangkokpost.com
3273,canada.com
3281,epicurious.com
3292,politifact.com
3299,kino-teatr.ru
3303,20minutos.es
3317,bonappetit.com
3324,sport.es
3327,mydramalist.com
3331,thinkprogress.org
3335,collinsdictionary.com
3346,jugantor.com
3361,law.com
3388,heraldnet.com
3393,urdupoint.com
3407,sltrib.com
3442,avclub.com
3460,macworld.com
3495,24h.com.vn
3498,thespruceeats.com
3503,247sports.com
3506,allocine.fr
3516,dailyrecord.co.uk
3520,syfy.com
3523,delish.com
3524,milenio.com
3532,teenvogue.com
3554,vancouversun.com
3610,wartaekonomi.co.id
3611,ig.com.br
3618,comicbook.com
3637,tenki.jp